Broker,Buy_Val,Buy_Lot,Buy_Avg,Sell_Val,Sell_Lot,Sell_Avg,Date
MG,46300000000,333600,1.388,21200000000,145000,1.400,2026-10-26
TP,41300000000,294400,1.401,18500000000,140000,1.402,2026-10-26
AK,39900000000,283400,1.406,15200000000,130000,1.403,2026-10-26
XL,25900000000,184700,1.402,12800000000,95000,1.405,2026-10-26
CC,16900000000,121300,1.395,8500000000,65000,1.401,2026-10-26
PD,9680000000,68600,1.406,4200000000,30000,1.408,2026-10-26
MG,43500000000,315000,1.370,19800000000,145000,1.360,2026-10-25
TP,38900000000,280000,1.390,17200000000,135000,1.390,2026-10-25
AK,37500000000,270000,1.385,14500000000,125000,1.390,2026-10-25
XL,23800000000,172000,1.385,11500000000,90000,1.391,2026-10-25
CC,15800000000,113600,1.390,8000000000,60000,1.393,2026-10-25
PD,8900000000,64000,1.390,3800000000,28000,1.390,2026-10-25
MG,40200000000,300000,1.340,18500000000,140000,1.320,2026-10-24
TP,36200000000,260000,1.390,16000000000,130000,1.380,2026-10-24
AK,35000000000,252000,1.390,13800000000,120000,1.385,2026-10-24
XL,21500000000,155000,1.390,10500000000,85000,1.385,2026-10-24
CC,14500000000,104000,1.395,7200000000,52000,1.385,2026-10-24
PD,7800000000,56000,1.390,3200000000,23000,1.390,2026-10-24